Team;Total DVOA Rank;Total DVOA;Prev. Year Rank;W-L;Weighted DVOA Rank;Weighted DVOA;Offense DVOA Rank;Offense DVOA;Defense DVOA Rank;Defense DVOA;Special Teams DVOA Rank;Special Teams DVOA;Estimated Wins Rank;Estimated Wins;Unadj. Total VOA Rank;Unadj. Total VOA;Schedule Rank;Schedule;Pythagorean Wins Rank;Pythagorean Wins;Variance Rank;Variance
ARI;31;-0,335;10;5-11;31;-0,322;31;-0,358;19;0,018;9;0,042;31;3,7;30;-0,247;31;-0,087;31;4,3;24;0,228
ATL;6;0,204;16;13-3;7;0,189;8;0,083;9;-0,058;3;0,063;4;11,9;5;0,215;22;-0,024;4;11,4;2;0,058
BAL;5;0,219;4;12-4;3;0,269;12;0,057;5;-0,102;4;0,06;2;12,1;9;0,153;7;0,045;6;10,6;1;0,053
BUF;29;-0,224;24;4-12;28;-0,214;26;-0,145;28;0,077;17;-0,001;28;5,4;31;-0,316;1;0,112;30;4,3;19;0,204
CAR;32;-0,382;15;2-14;32;-0,351;32;-0,362;18;0,005;22;-0,015;32;2;32;-0,411;12;0,029;32;2,4;5;0,095
CHI;14;0,022;25;11-5;11;0,088;28;-0,16;3;-0,108;1;0,074;13;8,3;18;-0,001;18;0,007;10;9,5;30;0,253
CIN;19;-0,048;19;4-12;20;-0,073;16;0,016;21;0,028;28;-0,035;25;6,4;25;-0,149;2;0,099;25;6;10;0,134
CLE;21;-0,049;27;5-11;24;-0,1;21;-0,05;20;0,027;10;0,027;24;6,6;23;-0,084;4;0,082;24;6,1;21;0,206
DAL;22;-0,087;5;6-10;21;-0,079;22;-0,05;24;0,042;15;0,006;19;7;22;-0,075;16;0,013;19;7;23;0,216
DEN;27;-0,198;14;4-12;27;-0,182;17;0,015;31;0,188;27;-0,026;29;4,9;27;-0,184;21;-0,018;29;4,9;17;0,197
DET;15;0,021;32;6-10;14;0,066;19;-0,006;16;-0,002;11;0,026;17;8;16;0,008;10;0,038;17;7,8;4;0,089
GB;3;0,235;3;10-6;4;0,24;7;0,119;2;-0,14;26;-0,024;6;10,9;4;0,227;13;0,024;2;12,1;11;0,148
HOU;12;0,036;12;6-10;15;0,063;2;0,216;30;0,163;23;-0,017;18;8;14;0,028;15;0,016;18;7,1;16;0,179
IND;17;0,01;8;10-6;18;-0,037;6;0,131;26;0,058;31;-0,063;16;8,1;15;0,012;14;0,019;12;9,2;3;0,074
JAX;23;-0,105;23;8-8;19;-0,06;14;0,035;32;0,188;7;0,048;26;6,2;24;-0,094;20;-0,008;22;6,3;20;0,205
KC;18;-0,009;29;10-6;22;-0,085;13;0,041;22;0,03;24;-0,021;15;8,2;12;0,065;30;-0,083;13;9,1;25;0,234
MIA;16;0,016;17;7-9;17;-0,029;18;0,01;12;-0,043;29;-0,037;12;8,5;19;-0,038;3;0,09;23;6,2;13;0,15
MIN;24;-0,117;7;6-10;26;-0,139;27;-0,147;11;-0,044;19;-0,014;23;6,7;26;-0,158;6;0,05;26;6;14;0,152
NE;1;0,443;1;14-2;1;0,559;1;0,428;23;0,032;8;0,047;1;14,5;1;0,395;7;0,045;1;12,6;18;0,202
NO;9;0,125;6;11-5;9;0,135;11;0,063;8;-0,078;21;-0,015;9;9,7;8;0,169;26;-0,056;11;9,3;7;0,098
NYG;10;0,118;18;10-6;10;0,11;10;0,073;4;-0,103;30;-0,058;7;10,2;10;0,139;23;-0,038;7;10,1;28;0,244
NYJ;7;0,177;9;11-5;8;0,144;15;0,023;6;-0,097;5;0,058;8;10;7;0,174;5;0,059;8;9,8;29;0,248
OAK;20;-0,048;30;8-8;12;0,086;23;-0,082;14;-0,016;13;0,018;20;7;17;0,003;24;-0,039;14;9;32;0,346
PHI;4;0,222;2;10-6;5;0,197;3;0,182;13;-0,017;12;0,023;5;11,7;3;0,244;19;-0,007;9;9,5;6;0,098
PIT;2;0,347;11;12-4;2;0,383;5;0,145;1;-0,198;16;0,004;3;12;2;0,311;9;0,04;3;12,1;15;0,154
SD;8;0,147;13;9-7;6;0,193;4;0,156;7;-0,092;32;-0,102;10;9,3;6;0,201;27;-0,061;5;11;26;0,237
SEA;30;-0,243;28;7-9;30;-0,311;29;-0,178;29;0,129;2;0,064;21;6,8;29;-0,235;29;-0,077;28;5,4;31;0,304
SF;25;-0,124;20;6-10;23;-0,096;24;-0,109;17;0;20;-0,015;22;6,7;20;-0,052;28;-0,072;21;6,8;27;0,237
STL;26;-0,159;31;7-9;25;-0,135;30;-0,183;15;-0,016;14;0,008;27;5,9;21;-0,068;32;-0,108;20;6,8;9;0,133
TB;13;0,028;26;10-6;13;0,075;9;0,081;25;0,047;18;-0,005;14;8,2;11;0,082;25;-0,043;15;8,7;12;0,15
TEN;11;0,06;22;6-10;16;-0,004;20;-0,042;10;-0,049;6;0,053;11;8,6;13;0,029;17;0,011;16;8,5;22;0,214
WAS;28;-0,209;21;6-10;29;-0,234;25;-0,114;27;0,072;25;-0,023;30;4,6;28;-0,213;11;0,034;27;5,9;8;0,1
ARI;26;-0,168;31;8-8;26;-0,154;28;-0,187;15;-0,007;11;0,012;26;5,4;25;-0,125;22;-0,013;21;6,9;7;0,096
ATL;7;0,173;6;10-6;5;0,203;11;0,063;5;-0,123;22;-0,013;6;10,7;7;0,164;15;-0,001;10;9,4;1;0,054
BAL;8;0,135;5;12-4;10;0,109;13;0,031;1;-0,16;30;-0,056;7;10,5;10;0,131;24;-0,024;5;11,2;31;0,246
BUF;23;-0,101;29;6-10;28;-0,229;16;0,003;25;0,087;24;-0,017;21;7,1;22;-0,107;5;0,029;22;6,4;32;0,298
CAR;20;-0,043;32;6-10;18;0,021;4;0,185;32;0,163;32;-0,065;23;6,8;19;-0,039;13;0,004;20;7,4;26;0,199
CHI;15;0,01;14;8-8;20;-0,038;30;-0,208;4;-0,133;1;0,085;18;7,4;17;0,011;9;0,016;16;8,3;14;0,135
CIN;17;-0,014;19;9-7;19;-0,029;17;-0,014;19;0,023;7;0,023;13;8,3;16;0,031;26;-0,028;12;8,6;3;0,067
CLE;25;-0,151;21;4-12;25;-0,118;25;-0,115;22;0,048;10;0,013;27;5,4;24;-0,119;16;-0,003;28;5;2;0,06
DAL;13;0,062;22;8-8;16;0,044;12;0,059;12;-0,024;25;-0,021;12;8,8;13;0,082;14;0;13;8,6;13;0,124
DEN;24;-0,131;27;8-8;23;-0,115;23;-0,103;20;0,025;18;-0,002;22;6,9;23;-0,118;18;-0,005;24;5,8;11;0,105
DET;10;0,131;15;10-6;7;0,16;10;0,072;6;-0,11;29;-0,051;9;9,7;8;0,155;12;0,009;8;10,1;12;0,108
GB;2;0,262;3;15-1;3;0,234;1;0,342;26;0,098;8;0,018;1;13,2;2;0,277;29;-0,039;3;12,2;4;0,068
HOU;5;0,203;12;10-6;9;0,146;9;0,09;7;-0,106;13;0,007;8;10,2;3;0,255;31;-0,046;7;10,9;22;0,169
IND;32;-0,345;17;2-14;30;-0,304;27;-0,179;27;0,104;31;-0,062;31;2,7;31;-0,378;4;0,031;31;3,2;16;0,139
JAX;28;-0,195;23;5-11;27;-0,172;31;-0,271;8;-0,099;26;-0,022;29;5,2;27;-0,175;8;0,018;26;5,3;18;0,149
KC;27;-0,181;18;7-9;22;-0,093;29;-0,195;14;-0,023;19;-0,009;24;6,2;28;-0,193;20;-0,009;29;4,1;29;0,221
MIA;18;-0,024;16;6-10;15;0,045;20;-0,072;13;-0,023;6;0,025;17;7,6;20;-0,047;6;0,02;14;8,5;9;0,101
MIN;29;-0,199;24;3-13;29;-0,272;24;-0,106;23;0,052;27;-0,041;30;4,9;29;-0,199;7;0,019;27;5,3;19;0,153
NE;4;0,215;1;13-3;4;0,226;3;0,326;30;0,152;5;0,041;3;11,9;5;0,224;23;-0,021;4;11,9;6;0,093
NO;1;0,287;9;13-3;1;0,359;2;0,335;24;0,058;12;0,01;2;12,4;1;0,311;28;-0,038;1;12,4;20;0,164
NYG;12;0,073;10;9-7;14;0,054;7;0,103;21;0,033;15;0,003;10;9;15;0,031;3;0,041;19;7,8;17;0,14
NYJ;11;0,123;7;8-8;13;0,068;21;-0,083;2;-0,149;4;0,056;14;8,2;11;0,099;19;-0,006;15;8,4;25;0,199
OAK;22;-0,085;20;8-8;24;-0,118;14;0,029;28;0,104;20;-0,01;19;7,3;21;-0,052;21;-0,01;23;6,1;28;0,214
PHI;9;0,133;4;8-8;6;0,193;8;0,101;11;-0,031;17;0;11;8,9;9;0,135;10;0,011;9;9,8;23;0,171
PIT;3;0,221;2;12-4;2;0,277;6;0,116;9;-0,088;9;0,017;4;11,2;6;0,224;30;-0,04;6;11,1;15;0,138
SD;16;-0,004;8;8-8;12;0,071;5;0,132;29;0,12;23;-0,016;20;7,2;14;0,032;25;-0,027;11;8,7;27;0,214
SEA;19;-0,024;30;7-9;11;0,09;22;-0,089;10;-0,063;16;0,002;16;7,9;18;-0,019;17;-0,004;18;8,2;24;0,185
SF;6;0,184;25;13-3;8;0,158;18;-0,037;3;-0,143;2;0,078;5;10,8;4;0,229;32;-0,05;2;12,3;5;0,068
STL;31;-0,331;26;2-14;31;-0,335;32;-0,276;17;0,007;28;-0,048;32;2,5;32;-0,4;2;0,057;32;2,3;8;0,097
TB;30;-0,265;13;4-12;32;-0,391;26;-0,116;31;0,154;14;0,006;28;5,4;30;-0,322;1;0,063;30;3,2;30;0,222
TEN;14;0,054;11;9-7;17;0,031;15;0,005;18;0,014;3;0,063;15;8,2;12;0,099;27;-0,035;17;8,2;21;0,168
WAS;21;-0,078;28;5-11;21;-0,079;19;-0,07;16;-0,004;21;-0,012;25;6,1;26;-0,152;11;0,011;25;5,7;10;0,102
ARI;24;-0,137;26;5-11;26;-0,216;32;-0,311;3;-0,162;11;0,011;27;5,2;27;-0,251;1;0,114;27;4,8;25;0,166
ATL;7;0,124;7;13-3;11;0,098;11;0,066;9;-0,057;16;0,001;8;9,6;7;0,183;26;-0,044;5;11,2;14;0,131
BAL;10;0,09;8;10-6;13;0,063;13;0,03;19;0,031;1;0,09;11;9,1;11;0,106;17;-0,021;11;9,4;24;0,16
BUF;23;-0,124;23;6-10;22;-0,094;21;-0,046;26;0,105;9;0,027;22;6,5;25;-0,15;24;-0,036;25;5,7;26;0,168
CAR;14;0,042;20;7-9;10;0,101;10;0,076;13;-0,014;29;-0,048;13;8,6;13;0,045;13;0,01;18;7,8;16;0,134
CHI;6;0,201;15;10-6;6;0,174;25;-0,107;1;-0,261;6;0,047;6;11;6;0,183;7;0,04;6;10,8;13;0,129
CIN;13;0,042;17;10-6;8;0,135;17;-0,021;11;-0,022;7;0,041;15;8,4;12;0,093;29;-0,069;10;9,9;21;0,151
CLE;25;-0,152;25;5-11;21;-0,092;27;-0,152;24;0,061;2;0,061;25;6;24;-0,104;23;-0,036;24;6,1;10;0,118
DAL;17;0,018;13;8-8;17;0,009;12;0,062;23;0,045;15;0,002;16;8,2;18;-0,029;9;0,034;19;7,4;2;0,066
DEN;2;0,359;24;13-3;2;0,385;2;0,227;6;-0,126;13;0,006;1;14,6;1;0,381;32;-0,076;2;12,5;3;0,076
DET;16;0,031;10;4-12;15;0,036;8;0,121;22;0,039;30;-0,051;17;8,1;17;-0,028;6;0,05;23;6,4;1;0,055
GB;5;0,259;2;11-5;5;0,23;3;0,196;8;-0,065;18;-0,002;5;11,7;5;0,193;8;0,036;7;10,5;28;0,172
HOU;9;0,097;5;12-4;16;0,016;16;0,003;2;-0,171;32;-0,077;12;8,8;8;0,175;25;-0,043;8;10,2;18;0,14
IND;26;-0,162;32;11-5;25;-0,128;18;-0,025;31;0,146;12;0,009;24;6,2;23;-0,09;30;-0,075;20;7,2;9;0,114
JAX;31;-0,346;28;2-14;31;-0,317;28;-0,186;29;0,13;25;-0,03;31;2,6;31;-0,305;22;-0,032;31;3,3;6;0,098
KC;32;-0,435;27;2-14;32;-0,416;31;-0,26;32;0,154;22;-0,02;32;2;32;-0,471;19;-0,022;32;2,5;19;0,145
MIA;21;-0,08;18;7-9;23;-0,097;22;-0,086;15;-0,001;14;0,004;19;7,5;21;-0,059;18;-0,021;21;7,1;27;0,17
MIN;12;0,066;29;10-6;14;0,058;14;0,011;14;-0,008;5;0,047;9;9,5;14;0,039;5;0,054;13;8,8;4;0,079
NE;3;0,337;4;12-4;3;0,37;1;0,311;17;0,029;4;0,055;2;13,2;2;0,365;21;-0,029;1;12,7;11;0,124
NO;18;-0,012;1;7-9;18;-0,002;9;0,12;27;0,108;24;-0,023;21;7;16;0,004;12;0,015;15;8,2;20;0,146
NYG;8;0,119;12;9-7;9;0,112;7;0,129;18;0,03;10;0,02;10;9,2;10;0,108;11;0,02;9;10,2;32;0,346
NYJ;27;-0,191;11;6-10;27;-0,22;29;-0,205;10;-0,029;21;-0,015;26;5,4;26;-0,179;14;0;26;5,3;29;0,185
OAK;29;-0,302;22;4-12;28;-0,273;23;-0,101;30;0,143;31;-0,058;29;3,4;28;-0,261;27;-0,047;29;4,1;23;0,158
PHI;28;-0,249;9;4-12;30;-0,298;26;-0,112;28;0,115;23;-0,022;28;4,2;29;-0,286;10;0,024;30;3,9;12;0,126
PIT;19;-0,024;3;8-8;19;-0,014;20;-0,043;12;-0,02;17;-0,001;20;7,3;15;0,037;28;-0,065;14;8,7;22;0,152
SD;22;-0,108;16;7-9;20;-0,091;24;-0,104;20;0,034;8;0,03;23;6,3;22;-0,062;31;-0,076;16;8;7;0,099
SEA;1;0,384;19;11-5;1;0,462;4;0,186;5;-0,141;3;0,057;3;13;3;0,308;4;0,061;3;12,5;15;0,132
SF;4;0,302;6;11-4-1;4;0,275;5;0,174;4;-0,143;20;-0,015;4;12,7;4;0,25;3;0,074;4;11,4;31;0,218
STL;15;0,042;31;7-8-1;12;0,074;19;-0,041;7;-0,116;26;-0,034;14;8,6;19;-0,037;2;0,101;22;6,6;8;0,102
TB;20;-0,072;30;7-9;24;-0,116;15;0,007;21;0,036;27;-0,043;18;7,7;20;-0,04;16;-0,006;17;7,9;17;0,135
TEN;30;-0,309;14;6-10;29;-0,285;30;-0,211;25;0,084;19;-0,014;30;3,1;30;-0,297;20;-0,029;28;4,6;30;0,2
WAS;11;0,09;21;10-6;7;0,165;6;0,16;16;0,028;27;-0,043;7;9,8;9;0,135;15;-0,005;12;9,2;5;0,089
ARI;10;0,126;24;10-6;9;0,174;20;-0,025;2;-0,191;27;-0,041;5;10,8;11;0,071;4;0,067;9;9,5;4;0,062
ATL;20;-0,064;7;4-12;24;-0,105;14;0,032;26;0,094;17;-0,001;19;7,1;25;-0,121;2;0,076;24;5,9;5;0,065
BAL;24;-0,081;10;8-8;19;-0,047;31;-0,22;9;-0,075;3;0,063;24;6,5;22;-0,087;20;-0,016;21;7,1;2;0,058
BUF;18;-0,039;23;6-10;18;-0,046;25;-0,118;4;-0,134;30;-0,056;21;7;18;-0,016;16;-0,003;22;6,7;24;0,151
CAR;3;0,247;14;12-4;3;0,24;9;0,087;3;-0,15;13;0,01;3;11;3;0,224;6;0,043;3;11,7;9;0,087
CHI;11;0,06;6;8-8;15;0,003;6;0,134;25;0,094;11;0,02;12;9,2;12;0,059;25;-0,031;20;7,3;26;0,162
CIN;8;0,14;13;11-5;10;0,173;17;0,009;5;-0,118;12;0,012;8;10;5;0,2;29;-0,044;5;11,1;22;0,147
CLE;28;-0,237;25;4-12;28;-0,255;26;-0,146;27;0,1;14;0,009;28;4,2;27;-0,196;21;-0,017;26;5,5;14;0,103
DAL;16;-0,001;17;8-8;22;-0,074;11;0,072;29;0,107;8;0,034;14;8,5;17;0,02;19;-0,013;15;8,2;17;0,108
DEN;2;0,332;2;13-3;2;0,286;1;0,342;15;0;21;-0,01;1;14,2;1;0,413;31;-0,073;2;11,7;8;0,076
DET;15;0,019;16;7-9;14;0,014;18;-0,021;12;-0,044;20;-0,004;15;8,2;13;0,055;26;-0,039;13;8,5;15;0,103
GB;23;-0,077;5;8-7-1;27;-0,147;10;0,085;31;0,159;19;-0,003;20;7,1;19;-0,017;22;-0,025;16;7,8;28;0,183
HOU;29;-0,254;9;2-14;31;-0,307;29;-0,193;16;0,01;29;-0,051;29;4;29;-0,258;10;0,01;31;4,2;25;0,155
IND;14;0,027;26;11-5;16;-0,012;12;0,044;17;0,016;18;-0,001;11;9,4;10;0,072;24;-0,027;10;9,4;29;0,196
JAX;32;-0,402;31;4-12;30;-0,267;32;-0,303;30;0,125;9;0,025;31;2,8;32;-0,394;14;0,005;32;3,1;20;0,131
KC;7;0,16;32;11-5;8;0,177;15;0,031;11;-0,051;1;0,078;10;9,8;6;0,194;32;-0,075;6;11,1;21;0,141
MIA;22;-0,074;21;8-8;23;-0,079;19;-0,023;18;0,028;23;-0,024;23;6,7;21;-0,078;9;0,021;19;7,5;18;0,112
MIN;25;-0,086;12;5-10-1;20;-0,057;21;-0,044;24;0,079;6;0,038;22;6,9;23;-0,09;12;0,01;23;6,1;13;0,1
NE;5;0,179;3;12-4;7;0,215;4;0,165;20;0,053;2;0,067;4;10,8;7;0,167;18;-0,011;8;10,5;1;0,047
NO;4;0,229;18;11-5;4;0,235;5;0,163;7;-0,091;24;-0,025;7;10,4;4;0,203;5;0,065;7;10,8;27;0,171
NYG;27;-0,165;8;7-9;26;-0,11;30;-0,22;6;-0,106;28;-0,051;27;5,5;28;-0,217;7;0,03;25;5,6;23;0,147
NYJ;26;-0,095;27;8-8;25;-0,108;27;-0,155;14;-0,039;10;0,021;18;7,4;24;-0,101;17;-0,007;27;5,4;30;0,221
OAK;31;-0,349;29;4-12;32;-0,366;28;-0,171;28;0,107;31;-0,071;32;2,1;31;-0,37;15;-0,001;29;4,9;11;0,092
PHI;9;0,135;28;10-6;6;0,22;3;0,226;22;0,062;25;-0,028;9;10;8;0,155;28;-0,043;11;9,4;32;0,316
PIT;17;-0,015;19;8-8;13;0,036;13;0,044;23;0,065;16;0,005;17;7,9;15;0,022;30;-0,055;14;8,2;6;0,071
SD;13;0,052;22;9-7;12;0,121;2;0,236;32;0,193;15;0,008;13;8,6;14;0,041;27;-0,04;12;9,2;7;0,074
SEA;1;0,4;1;13-3;1;0,413;7;0,101;1;-0,251;5;0,047;2;12,9;2;0,41;13;0,007;1;12,8;19;0,126
SF;6;0,168;4;12-4;5;0,221;8;0,091;13;-0,04;7;0,037;6;10,6;9;0,128;8;0,03;4;11,5;16;0,108
STL;12;0,054;15;7-9;11;0,123;22;-0,097;8;-0,089;4;0,063;16;8,1;16;0,021;3;0,069;17;7,6;31;0,235
TB;19;-0,052;20;4-12;21;-0,06;23;-0,1;10;-0,063;22;-0,015;26;6,2;26;-0,14;1;0,106;28;5,3;10;0,089
TEN;21;-0,065;30;7-9;17;-0,043;16;0,016;19;0,048;26;-0,032;25;6,5;20;-0,033;23;-0,027;18;7,5;3;0,06
WAS;30;-0,275;11;3-13;29;-0,259;24;-0,101;21;0,053;32;-0,12;30;4;30;-0,31;11;0,01;30;4,8;12;0,094
ARI;20;-0,025;10;11-5;24;-0,068;23;-0,091;7;-0,088;21;-0,022;17;8;21;-0,032;2;0,049;16;8,3;3;0,082
ATL;21;-0,033;20;6-10;22;-0,056;11;0,069;31;0,131;9;0,03;19;7,6;18;-0,005;26;-0,029;22;7,1;11;0,146
BAL;4;0,221;24;10-6;6;0,225;9;0,098;9;-0,043;2;0,08;3;11,5;3;0,255;30;-0,051;5;10,9;5;0,095
BUF;9;0,107;18;9-7;10;0,132;26;-0,112;3;-0,157;4;0,062;11;9;10;0,097;12;0,012;12;9,6;6;0,103
CAR;24;-0,095;3;7-8-1;23;-0,063;20;-0,049;15;-0,009;30;-0,055;20;7,3;24;-0,098;10;0,013;23;7;17;0,167
CHI;26;-0,153;11;5-11;27;-0,234;16;-0,008;29;0,114;25;-0,031;26;6,3;26;-0,198;6;0,027;26;4,9;7;0,111
CIN;13;0,045;8;10-5-1;16;0,023;17;-0,009;14;-0,012;6;0,042;13;8,9;15;0,03;15;0,002;14;8,6;31;0,24
CLE;23;-0,079;28;7-9;25;-0,123;24;-0,103;13;-0,02;14;0,004;22;7;22;-0,062;25;-0,026;25;6,9;25;0,191
DAL;6;0,166;16;12-4;5;0,227;5;0,172;18;0,015;13;0,009;6;10,7;6;0,192;31;-0,053;6;10,8;26;0,195
DEN;2;0,289;2;12-4;3;0,242;3;0,203;4;-0,123;27;-0,037;1;13,2;1;0,284;13;0,012;4;11;4;0,084
DET;11;0,075;15;11-5;14;0,037;19;-0,035;1;-0,167;31;-0,057;10;9,1;7;0,122;23;-0,022;13;9,2;2;0,078
GB;3;0,23;23;12-4;4;0,238;1;0,252;16;0;22;-0,023;5;10,7;4;0,225;16;-0,007;3;11,2;9;0,13
HOU;18;-0,01;29;9-7;13;0,052;21;-0,065;6;-0,093;28;-0,039;21;7,2;13;0,064;32;-0,07;9;9,8;1;0,063
IND;14;0,045;14;11-5;15;0,023;18;-0,013;11;-0,025;8;0,033;14;8,8;12;0,068;28;-0,034;7;10,2;21;0,173
JAX;32;-0,313;32;3-13;29;-0,253;31;-0,248;21;0,028;26;-0,036;32;3,1;31;-0,278;22;-0,02;30;3,6;15;0,164
KC;10;0,098;7;9-7;8;0,142;12;0,054;20;0,023;3;0,067;8;9,3;11;0,083;9;0,018;8;10,1;29;0,218
MIA;16;0,029;22;8-8;18;-0,016;7;0,104;17;0,014;32;-0,061;15;8,7;14;0,059;7;0,021;15;8,4;22;0,184
MIN;25;-0,1;25;7-9;21;-0,046;22;-0,076;23;0,055;10;0,03;23;7;23;-0,073;19;-0,012;19;7,5;8;0,119
NE;5;0,216;5;12-4;2;0,283;6;0,139;12;-0,02;5;0,057;4;10,8;5;0,193;14;0,009;2;11,8;20;0,173
NO;15;0,031;4;7-9;17;0,009;8;0,101;27;0,087;11;0,016;16;8,2;16;0,023;21;-0,016;20;7,4;27;0,198
NYG;22;-0,078;27;6-10;20;-0,045;15;-0,005;25;0,067;15;-0,006;24;6,8;25;-0,11;18;-0,012;18;7,5;19;0,172
NYJ;27;-0,168;26;4-12;26;-0,153;27;-0,116;22;0,045;16;-0,008;27;5,6;27;-0,208;3;0,039;27;4,8;16;0,166
OAK;30;-0,295;31;3-13;30;-0,313;30;-0,199;26;0,08;18;-0,017;28;4,4;32;-0,379;1;0,074;32;3,1;24;0,187
PHI;7;0,125;9;10-6;9;0,139;13;0,011;10;-0,031;1;0,083;7;9,6;9;0,103;27;-0,032;10;9,7;14;0,162
PIT;8;0,113;17;11-5;7;0,151;2;0,229;30;0,125;12;0,009;9;9,3;8;0,12;29;-0,042;11;9,7;13;0,159
SD;19;-0,02;13;9-7;19;-0,024;10;0,07;24;0,062;23;-0,027;18;7,8;19;-0,021;4;0,039;17;8;12;0,154
SEA;1;0,317;1;12-4;1;0,349;4;0,174;2;-0,16;19;-0,017;2;12,6;2;0,276;11;0,012;1;11,9;10;0,14
SF;12;0,063;6;8-8;12;0,074;14;-0,003;5;-0,096;24;-0,03;12;8,9;17;0,019;5;0,028;24;7;18;0,169
STL;17;-0,007;12;6-10;11;0,095;25;-0,11;8;-0,069;7;0,035;25;6,5;20;-0,022;8;0,019;21;7,1;32;0,278
TB;29;-0,294;19;2-14;28;-0,249;32;-0,265;19;0,02;17;-0,008;30;3,9;28;-0,25;17;-0,009;29;4,4;28;0,212
TEN;31;-0,311;21;2-14;31;-0,38;29;-0,161;32;0,132;20;-0,018;31;3,7;29;-0,277;24;-0,025;31;3,3;23;0,187
WAS;28;-0,291;30;4-12;32;-0,424;28;-0,128;28;0,109;29;-0,054;29;4,2;30;-0,277;20;-0,013;28;4,5;30;0,239
ARI;2;0,302;20;13-3;6;0,217;4;0,162;2;-0,181;29;-0,04;3;12;3;0,31;16;0,016;2;12,1;31;0,229
ATL;22;-0,123;21;8-8;28;-0,184;22;-0,072;18;0,031;22;-0,021;23;6,4;19;-0,055;31;-0,074;15;7,8;3;0,072
BAL;18;-0,044;4;5-11;20;-0,041;21;-0,054;22;0,063;1;0,073;19;7,2;21;-0,084;7;0,047;25;6;1;0,039
BUF;13;0,009;9;8-8;16;-0,012;9;0,097;24;0,103;12;0,015;12;8,5;12;0,039;19;-0,012;13;8,5;10;0,106
CAR;4;0,255;24;15-1;3;0,294;7;0,105;3;-0,173;23;-0,024;5;11;2;0,314;32;-0,078;1;12,4;18;0,141
CHI;19;-0,065;26;6-10;14;0,002;10;0,066;31;0,119;21;-0,012;20;6,7;23;-0,111;4;0,06;22;6,3;6;0,085
CIN;3;0,266;13;12-4;5;0,223;2;0,194;10;-0,05;8;0,022;2;12,1;6;0,223;13;0,031;4;11,7;7;0,086
CLE;30;-0,241;23;3-13;31;-0,25;27;-0,132;30;0,115;15;0,007;30;4,3;31;-0,316;2;0,085;31;4;4;0,081
DAL;26;-0,16;6;4-12;24;-0,171;30;-0,158;17;0,02;11;0,018;29;4,6;27;-0,174;17;0,005;29;5,2;2;0,045
DEN;8;0,174;2;12-4;7;0,176;24;-0,085;1;-0,252;14;0,007;8;10,6;9;0,173;11;0,035;10;9,7;13;0,114
DET;12;0,05;11;7-9;9;0,149;13;0,017;13;-0,023;13;0,01;15;7,9;16;-0,011;12;0,034;18;6,9;24;0,168
GB;10;0,087;3;10-6;18;-0,026;11;0,027;9;-0,057;17;0,004;9;9,7;11;0,045;5;0,053;11;9,3;25;0,168
HOU;17;-0,024;18;9-7;13;0,053;25;-0,088;7;-0,122;32;-0,057;14;8,1;14;0,031;23;-0,039;12;8,8;28;0,178
IND;24;-0,14;14;8-8;23;-0,145;31;-0,159;15;-0,014;16;0,005;28;5,4;25;-0,14;21;-0,034;26;6;17;0,134
JAX;27;-0,167;32;5-11;26;-0,179;20;-0,052;25;0,106;20;-0,009;26;5,6;24;-0,119;28;-0,067;23;6,2;11;0,106
KC;5;0,255;10;11-5;2;0,327;6;0,131;8;-0,104;9;0,02;4;11,4;5;0,24;15;0,019;6;11,2;29;0,181
MIA;29;-0,211;16;6-10;29;-0,207;23;-0,074;28;0,11;24;-0,027;27;5,6;28;-0,175;20;-0,031;28;5,8;32;0,259
MIN;11;0,058;25;11-5;10;0,135;15;0,005;14;-0,014;4;0,039;11;9,5;10;0,061;10;0,038;9;9,8;23;0,163
NE;6;0,226;5;12-4;8;0,151;5;0,154;11;-0,034;5;0,039;6;10,8;4;0,242;25;-0,048;5;11,7;14;0,124
NO;25;-0,15;15;7-9;22;-0,12;8;0,098;32;0,217;26;-0,032;24;5,7;22;-0,108;22;-0,035;21;6,4;15;0,128
NYG;20;-0,074;22;6-10;21;-0,08;19;-0,018;27;0,11;2;0,054;17;7,4;17;-0,044;26;-0,049;16;7,5;16;0,133
NYJ;9;0,117;27;10-6;11;0,121;14;0,016;6;-0,13;25;-0,029;10;9,6;7;0,189;30;-0,074;8;10;12;0,107
OAK;15;-0,006;30;7-9;15;-0,007;17;-0,013;16;-0,008;19;-0,001;18;7,3;15;-0,004;9;0,042;17;6,9;8;0,089
PHI;23;-0,127;7;7-9;25;-0,174;26;-0,105;20;0,042;10;0,019;21;6,6;26;-0,142;18;-0,007;19;6,7;30;0,195
PIT;7;0,204;8;10-6;4;0,239;3;0,177;12;-0,026;18;0,001;7;10,7;8;0,185;8;0,045;7;10,7;9;0,094
SD;28;-0,169;19;4-12;27;-0,179;16;-0,004;29;0,112;31;-0,053;25;5,7;29;-0,183;6;0,049;27;5,9;5;0,084
SEA;1;0,386;1;10-6;1;0,512;1;0,197;4;-0,148;3;0,042;1;12,6;1;0,322;14;0,029;3;11,8;21;0,15
SF;32;-0,283;12;5-11;30;-0,238;28;-0,139;26;0,108;27;-0,036;32;3,9;32;-0,326;1;0,095;32;3,8;19;0,142
STL;14;0,009;17;7-9;17;-0,022;29;-0,155;5;-0,14;7;0,024;13;8,3;18;-0,05;3;0,064;20;6,5;20;0,146
TB;21;-0,095;29;6-10;19;-0,032;18;-0,015;19;0,033;30;-0,047;22;6,5;20;-0,078;29;-0,067;24;6;26;0,17
TEN;31;-0,281;31;3-13;32;-0,341;32;-0,159;23;0,084;28;-0,038;31;4,2;30;-0,269;27;-0,055;30;4,8;22;0,16
WAS;16;-0,008;28;9-7;12;0,061;12;0,02;21;0,06;6;0,032;16;7,7;13;0,034;24;-0,047;14;8,2;27;0,173
ARI;13;0,046;2;7-8-1;14;0,037;22;-0,062;2;-0,171;30;-0,063;18;8,1;10;0,078;30;-0,045;7;9,4;20;0,146
ATL;3;0,239;22;11-5;2;0,264;1;0,251;19;0,036;7;0,025;2;12,3;2;0,242;21;-0,004;3;10,9;8;0,079
BAL;12;0,072;18;8-8;8;0,116;23;-0,072;6;-0,095;4;0,049;11;9,1;11;0,061;11;0,008;13;8,6;21;0,147
BUF;19;-0,007;13;7-9;20;-0,027;10;0,105;27;0,094;22;-0,019;21;7,2;18;0,021;29;-0,044;15;8,5;28;0,173
CAR;24;-0,063;4;6-10;24;-0,073;25;-0,083;10;-0,044;25;-0,025;24;6,6;24;-0,092;6;0,025;25;7,1;10;0,094
CHI;25;-0,088;19;3-13;25;-0,091;17;-0,028;22;0,054;18;-0,006;25;6,1;27;-0,1;19;-0,001;28;4,7;23;0,149
CIN;14;0,032;3;6-9-1;12;0,05;11;0,073;18;0,014;28;-0,027;19;7,8;19;0,02;15;0,005;19;8,3;11;0,098
CLE;31;-0,325;30;1-15;30;-0,299;29;-0,136;32;0,164;26;-0,025;32;1,3;32;-0,405;2;0,06;31;3,3;7;0,076
DAL;2;0,24;26;13-3;3;0,252;3;0,202;14;-0,022;9;0,016;1;12,3;3;0,225;8;0,015;2;11;4;0,063
DEN;15;0,029;8;9-7;19;-0,005;28;-0,12;1;-0,172;24;-0,023;17;8,4;17;0,036;5;0,03;9;9,1;16;0,112
DET;26;-0,112;12;9-7;27;-0,13;15;-0,007;31;0,14;6;0,035;26;6;26;-0,1;18;0;22;7,7;12;0,101
GB;7;0,11;10;10-6;6;0,144;4;0,166;21;0,038;21;-0,019;9;9,6;7;0,103;10;0,009;8;9,1;18;0,135
HOU;28;-0,195;17;9-7;28;-0,174;30;-0,211;8;-0,08;31;-0,065;28;5,1;28;-0,165;12;0,007;26;6,5;6;0,073
IND;23;-0,056;24;8-8;16;0,022;12;0,033;29;0,13;5;0,041;22;6,8;22;-0,039;26;-0,039;16;8,5;19;0,146
JAX;27;-0,117;27;3-13;26;-0,098;27;-0,115;15;-0,021;23;-0,023;27;5,2;25;-0,098;25;-0,016;27;5,8;5;0,065
KC;5;0,135;5;12-4;5;0,167;13;0,031;13;-0,026;1;0,078;7;9,7;5;0,128;24;-0,012;4;10,1;22;0,148
LAR;30;-0,295;14;4-12;32;-0,381;32;-0,381;17;-0,015;3;0,071;29;4,6;30;-0,262;23;-0,01;32;3,3;27;0,159
MIA;20;-0,014;29;10-6;21;-0,027;14;0,015;20;0,038;12;0,008;15;8,6;20;0,014;28;-0,041;24;7,5;31;0,202
MIN;18;0,012;11;8-8;22;-0,065;26;-0,097;7;-0,094;10;0,015;13;8,9;16;0,039;17;0,001;14;8,6;26;0,158
NE;1;0,251;6;14-2;1;0,325;2;0,212;16;-0,016;8;0,023;3;11,9;1;0,305;32;-0,085;1;12,8;17;0,127
NO;16;0,022;25;7-9;17;0,022;6;0,152;28;0,104;27;-0,026;10;9,2;13;0,054;13;0,007;17;8,3;2;0,05
NYG;8;0,094;20;11-5;7;0,134;21;-0,057;3;-0,139;11;0,012;5;9,8;14;0,053;4;0,032;11;8,8;1;0,024
NYJ;32;-0,345;9;5-11;31;-0,372;31;-0,223;23;0,054;32;-0,068;30;4,4;31;-0,363;14;0,005;29;4,4;29;0,174
OAK;10;0,076;15;12-4;13;0,046;7;0,128;24;0,056;14;0,003;14;8,7;12;0,057;9;0,011;12;8,8;9;0,091
PHI;6;0,133;23;7-9;10;0,077;20;-0,052;4;-0,11;2;0,075;6;9,7;8;0,101;1;0,064;10;9;24;0,152
PIT;4;0,156;7;11-5;4;0,202;8;0,127;11;-0,03;16;-0,001;4;10;4;0,163;16;0,005;5;9,9;32;0,241
SD;21;-0,019;28;5-11;23;-0,067;18;-0,033;9;-0,063;29;-0,048;23;6,8;21;-0,023;20;-0,003;21;7,7;3;0,053
SEA;11;0,075;1;10-5-1;15;0,036;16;-0,025;5;-0,101;15;-0,001;12;9;6;0,105;27;-0,04;6;9,8;30;0,176
SF;29;-0,215;32;2-14;29;-0,208;24;-0,073;30;0,14;17;-0,003;31;4,4;29;-0,234;22;-0,009;30;3,9;13;0,103
TB;22;-0,03;21;9-7;18;0,016;19;-0,039;12;-0,028;20;-0,018;20;7,2;23;-0,057;7;0,024;23;7,6;25;0,153
TEN;17;0,02;31;9-7;11;0,062;9;0,108;26;0,076;19;-0,011;16;8,5;9;0,082;31;-0,058;20;8,1;15;0,105
WAS;9;0,089;16;8-7-1;9;0,109;5;0,155;25;0,07;13;0,004;8;9,6;15;0,045;3;0,048;18;8,3;14;0,104
ARI;19;-0,082;13;8-8;17;-0,023;29;-0,181;3;-0,154;28;-0,055;23;6;19;-0,095;15;0,006;24;6,1;11;0,104
ATL;14;0,05;3;10-6;12;0,048;9;0,085;17;0,023;19;-0,012;11;9;14;0,054;4;0,043;11;9,1;1;0,056
BAL;7;0,179;12;9-7;7;0,213;21;-0,046;4;-0,134;1;0,092;7;10,3;6;0,246;31;-0,052;8;10,5;25;0,175
BUF;22;-0,107;19;9-7;27;-0,172;26;-0,111;18;0,025;10;0,029;20;6,8;20;-0,095;26;-0,03;20;6,3;22;0,164
CAR;9;0,126;24;11-5;9;0,134;17;-0,001;8;-0,08;6;0,047;8;10,3;11;0,117;7;0,035;12;9;6;0,089
CHI;25;-0,17;25;5-11;23;-0,118;28;-0,15;14;-0,004;23;-0,024;25;5,7;29;-0,201;1;0,076;23;6,2;19;0,144
CIN;24;-0,143;14;7-9;22;-0,117;22;-0,069;21;0,05;21;-0,024;22;6,5;23;-0,136;20;-0,013;21;6,2;26;0,192
CLE;32;-0,287;31;0-16;30;-0,218;32;-0,201;20;0,034;27;-0,051;32;3,1;32;-0,343;9;0,018;32;3,3;13;0,106
DAL;11;0,093;2;9-7;10;0,13;10;0,066;16;0,019;7;0,046;10;9,4;13;0,085;17;-0,005;15;8,6;28;0,202
DEN;29;-0,224;15;5-11;31;-0,301;31;-0,187;11;-0,038;30;-0,074;26;5,5;25;-0,173;25;-0,027;28;5,4;29;0,205
DET;12;0,09;26;9-7;13;0,043;12;0,041;15;0,001;5;0,049;13;8,9;12;0,088;11;0,014;14;8,9;5;0,077
GB;17;-0,045;7;7-9;21;-0,103;16;0;24;0,058;14;0,013;16;7,6;21;-0,096;2;0,059;22;6,2;12;0,106
HOU;26;-0,18;28;4-12;32;-0,315;24;-0,101;19;0,034;26;-0,045;27;5,4;27;-0,195;13;0,009;27;5,5;30;0,241
IND;30;-0,239;23;4-12;26;-0,152;30;-0,183;27;0,093;8;0,037;30;4,2;30;-0,229;23;-0,025;30;4,2;8;0,1
JAX;8;0,138;27;10-6;11;0,128;15;0,004;2;-0,159;24;-0,025;12;9;8;0,212;32;-0,06;3;12;31;0,243
KC;10;0,109;5;10-6;16;0,02;4;0,164;29;0,108;4;0,053;9;10;10;0,135;27;-0,04;10;10;21;0,157
LAC;13;0,068;21;9-7;8;0,152;8;0,103;10;-0,039;31;-0,075;14;8,2;9;0,153;30;-0,049;9;10,5;7;0,096
LAR;3;0,276;30;11-5;4;0,272;6;0,113;7;-0,095;2;0,068;3;11,3;4;0,263;16;0,003;5;11,6;32;0,267
MIA;28;-0,217;20;6-10;28;-0,177;27;-0,136;28;0,107;12;0,026;28;5,4;28;-0,2;10;0,015;29;4,9;18;0,136
MIN;2;0,287;18;13-3;2;0,323;5;0,125;1;-0,172;18;-0,009;2;12,3;3;0,278;8;0,026;4;11,7;4;0,07
NE;6;0,222;1;13-3;3;0,302;1;0,279;31;0,12;3;0,063;6;10,8;7;0,244;28;-0,043;2;12;15;0,111
NO;1;0,35;16;11-5;1;0,373;2;0,224;6;-0,114;15;0,012;1;14,1;1;0,306;12;0,014;6;11,1;3;0,064
NYG;31;-0,245;8;3-13;29;-0,217;23;-0,094;25;0,076;32;-0,075;31;4,1;31;-0,266;6;0,035;31;4;16;0,117
NYJ;27;-0,192;32;5-11;25;-0,151;25;-0,107;22;0,056;25;-0,03;29;4,9;26;-0,192;19;-0,005;26;5,6;10;0,103
OAK;20;-0,086;10;6-10;18;-0,093;13;0,036;30;0,12;17;-0,002;18;7,4;17;-0,085;21;-0,013;25;6;9;0,1
PHI;5;0,237;6;13-3;6;0,234;7;0,105;5;-0,122;16;0,009;4;11,3;5;0,26;24;-0,026;1;12;17;0,131
PIT;4;0,259;4;13-3;5;0,249;3;0,175;9;-0,054;9;0,031;5;11,2;2;0,284;22;-0,022;7;10,6;20;0,146
SEA;15;0,023;11;9-7;14;0,032;14;0,022;13;-0,021;20;-0,02;15;8,2;15;0,045;18;-0,005;13;9;14;0,111
SF;21;-0,094;29;6-10;15;0,02;19;-0,03;26;0,091;11;0,027;21;6,6;22;-0,113;14;0,007;19;6,6;27;0,199
TB;23;-0,124;22;5-11;24;-0,141;11;0,052;32;0,12;29;-0,055;24;6;24;-0,162;5;0,037;18;6,7;2;0,064
TEN;18;-0,062;17;9-7;19;-0,094;18;-0,021;23;0,057;13;0,016;17;7,5;16;-0,045;29;-0,046;16;7,4;23;0,167
WAS;16;-0,026;9;7-9;20;-0,098;20;-0,038;12;-0,035;22;-0,024;19;6,9;18;-0,087;3;0,05;17;6,8;24;0,175
ARI;32;-0,384;19;3-13;32;-0,415;32;-0,418;12;-0,024;11;0,01;32;2,7;32;-0,398;5;0,028;32;2,8;16;0,143
ATL;17;-0,022;14;7-9;17;0,016;9;0,089;30;0,125;10;0,014;18;7,7;16;0,011;22;-0,02;17;7,8;4;0,09
BAL;6;0,158;7;10-6;8;0,177;13;0,012;4;-0,117;6;0,03;5;10,8;9;0,132;10;0,01;5;10,8;17;0,152
BUF;28;-0,186;22;6-10;23;-0,088;31;-0,275;2;-0,14;32;-0,051;24;6,4;29;-0,219;9;0,011;30;5;32;0,253
CAR;14;0,003;9;7-9;21;-0,031;11;0,06;23;0,055;18;-0,002;17;7,7;14;0,045;14;0,001;16;7,8;25;0,198
CHI;5;0,191;25;12-4;6;0,201;20;-0,031;1;-0,254;26;-0,032;6;10,6;4;0,228;31;-0,059;1;11,6;11;0,12
CIN;24;-0,108;24;6-10;27;-0,196;21;-0,037;28;0,097;7;0,026;22;7,1;25;-0,148;2;0,055;24;5,9;21;0,175
CLE;19;-0,033;32;7-8-1;12;0,076;17;-0,007;13;-0,016;30;-0,042;20;7,5;18;-0,02;3;0,045;20;7,1;13;0,128
DAL;18;-0,023;11;10-6;18;0,001;24;-0,063;9;-0,06;23;-0,021;21;7,3;15;0,024;21;-0,02;14;8,4;8;0,105
DEN;13;0,055;29;6-10;14;0,057;15;0,008;6;-0,089;31;-0,042;13;8,6;12;0,072;6;0,025;18;7,4;26;0,202
DET;23;-0,105;12;6-10;19;-0,002;22;-0,052;21;0,044;20;-0,009;23;6,6;23;-0,101;19;-0,014;21;7;31;0,245
GB;20;-0,044;17;6-9-1;22;-0,084;7;0,112;29;0,116;29;-0,041;14;7,8;21;-0,068;28;-0,034;19;7,4;29;0,221
HOU;11;0,104;26;11-5;10;0,112;19;-0,028;5;-0,097;5;0,035;9;9,5;7;0,153;30;-0,042;8;10,3;1;0,064
IND;8;0,124;30;10-6;3;0,223;10;0,079;11;-0,035;12;0,009;7;10;6;0,185;32;-0,067;9;10,3;18;0,153
JAX;22;-0,085;8;5-11;25;-0,142;30;-0,217;7;-0,088;4;0,044;25;6;22;-0,099;11;0,009;26;5,7;6;0,101
KC;1;0,332;10;12-4;1;0,294;1;0,354;27;0,077;2;0,056;1;13;1;0,318;15;-0,003;4;11;9;0,108
LAC;4;0,221;13;12-4;4;0,214;3;0,208;10;-0,041;25;-0,028;4;10,9;5;0,223;17;-0,007;7;10,6;3;0,076
LAR;3;0,239;3;13-3;5;0,208;2;0,25;16;0,01;17;-0,002;2;12,5;2;0,287;24;-0,021;3;11,2;2;0,071
MIA;27;-0,177;28;7-9;31;-0,296;26;-0,095;26;0,071;21;-0,011;29;5;28;-0,209;29;-0,035;29;5,1;30;0,229
MIN;10;0,105;2;8-7-1;9;0,154;18;-0,012;3;-0,126;19;-0,009;10;9,2;11;0,076;26;-0,024;12;8,5;5;0,092
NE;7;0,135;6;11-5;7;0,186;5;0,147;19;0,014;16;0,001;8;9,9;8;0,144;27;-0,024;6;10,8;20;0,159
NO;2;0,252;1;13-3;2;0,285;4;0,161;8;-0,073;9;0,017;3;11,7;3;0,268;16;-0,006;2;11,5;10;0,119
NYG;16;-0,012;31;5-11;13;0,059;14;0,011;25;0,068;3;0,045;16;7,8;19;-0,021;23;-0,02;22;6,9;19;0,156
NYJ;26;-0,17;27;4-12;26;-0,19;29;-0,202;22;0,049;1;0,081;27;5,6;27;-0,196;18;-0,013;28;5,3;27;0,219
OAK;31;-0,234;20;4-12;28;-0,208;25;-0,077;31;0,142;22;-0,016;31;4,3;31;-0,302;1;0,062;31;3,7;28;0,22
PHI;15;-0,01;5;9-7;16;0,027;16;-0,004;15;0,009;15;0,002;15;7,8;17;-0,017;12;0,003;13;8,5;14;0,143
PIT;9;0,113;4;9-6-1;11;0,108;6;0,143;14;-0,005;27;-0,035;11;9,2;13;0,061;4;0,034;11;9,7;15;0,143
SEA;12;0,059;15;10-6;15;0,048;8;0,091;17;0,01;24;-0,022;12;8,7;10;0,098;20;-0,015;10;10,1;7;0,102
SF;30;-0,22;21;4-12;29;-0,217;27;-0,158;24;0,065;14;0,003;30;4,7;30;-0,241;8;0,012;27;5,6;22;0,178
TB;25;-0,144;23;5-11;24;-0,124;12;0,059;32;0,162;28;-0,041;28;5,4;26;-0,178;7;0,02;23;6,4;12;0,127
TEN;21;-0,06;18;9-7;20;-0,017;23;-0,056;18;0,013;13;0,008;19;7,5;20;-0,042;13;0,001;15;8,2;24;0,193
WAS;29;-0,201;16;7-9;30;-0,285;28;-0,198;20;0,028;8;0,025;26;5,8;24;-0,147;25;-0,022;25;5,7;23;0,18
ARI;17;-0,031;32;5-10-1;16;0,03;13;0,032;20;0,04;26;-0,024;17;7,3;22;-0,081;3;0,043;23;6;21;0,164
ATL;15;-0,019;17;7-9;15;0,043;15;0,023;17;0,014;28;-0,029;13;7,9;18;-0,063;5;0,038;19;7,5;15;0,136
BAL;1;0,412;6;14-2;1;0,482;1;0,282;5;-0,115;9;0,015;2;12,9;1;0,438;24;-0,025;1;13,4;20;0,162
BUF;13;0,016;28;10-6;10;0,074;21;-0,071;7;-0,099;21;-0,012;15;7,6;12;0,057;31;-0,049;10;9,8;11;0,113
CAR;29;-0,265;14;5-11;32;-0,405;27;-0,144;26;0,08;31;-0,041;30;4;30;-0,298;4;0,042;29;4,9;30;0,211
CHI;18;-0,031;5;8-8;17;-0,028;25;-0,099;10;-0,058;13;0,009;16;7,6;21;-0,075;6;0,032;20;7,4;2;0,071
CIN;31;-0,276;24;2-14;28;-0,209;29;-0,166;30;0,156;1;0,046;29;4;31;-0,317;8;0,023;30;4,3;18;0,14
CLE;24;-0,106;19;6-10;24;-0,139;20;-0,048;24;0,066;15;0,008;26;6,1;26;-0,159;9;0,02;22;6,4;27;0,194
DAL;6;0,199;18;8-8;8;0,142;2;0,245;16;0,007;30;-0,039;6;11,4;6;0,245;27;-0,033;5;10,9;10;0,11
DEN;23;-0,104;13;7-9;22;-0,085;26;-0,113;13;-0,028;24;-0,019;23;6,4;20;-0,072;15;0,001;21;6,9;16;0,137
DET;21;-0,081;23;3-12-1;25;-0,152;18;-0,03;23;0,065;10;0,014;22;6,6;23;-0,1;10;0,012;24;5,9;1;0,067
GB;9;0,077;20;13-3;13;0,054;8;0,066;15;-0,009;18;0,001;9;9,9;9;0,071;17;-0,004;9;9,8;22;0,183
HOU;16;-0,022;11;10-6;19;-0,068;17;0,006;22;0,056;5;0,029;14;7,7;16;-0,021;7;0,024;15;7,8;19;0,15
IND;20;-0,06;8;7-9;20;-0,074;19;-0,034;19;0,03;16;0,004;20;7,2;15;-0,021;30;-0,044;17;7,7;12;0,117
JAX;28;-0,194;22;6-10;31;-0,296;24;-0,099;29;0,123;6;0,027;24;6,4;27;-0,174;25;-0,027;26;5,3;31;0,226
KC;4;0,301;1;12-4;3;0,317;3;0,235;14;-0,026;2;0,041;5;12;4;0,274;16;0,001;4;11,6;7;0,088
LAC;22;-0,089;4;5-11;21;-0,075;12;0,035;25;0,072;32;-0,051;27;5,5;19;-0,069;23;-0,023;16;7,8;13;0,12
LAR;12;0,053;3;9-7;14;0,047;16;0,006;9;-0,061;23;-0,015;11;9,1;14;0,014;1;0,06;12;8,8;29;0,209
MIA;32;-0,388;27;5-11;29;-0,268;28;-0,145;32;0,23;22;-0,013;32;3;32;-0,385;18;-0,006;32;3,6;23;0,184
MIN;7;0,179;10;10-6;6;0,181;10;0,048;4;-0,123;14;0,008;8;10,7;7;0,22;21;-0,012;7;10,8;3;0,074
NE;3;0,307;7;12-4;5;0,195;11;0,043;1;-0,252;11;0,012;3;12,3;3;0,343;32;-0,066;2;13,1;14;0,134
NO;2;0,327;2;13-3;2;0,422;4;0,22;8;-0,071;3;0,036;1;13,3;2;0,361;19;-0,01;6;10,9;5;0,085
NYG;27;-0,186;16;4-12;27;-0,167;22;-0,074;28;0,115;17;0,003;31;3,8;28;-0,191;20;-0,01;27;5,3;4;0,077
NYJ;26;-0,177;26;7-9;23;-0,105;32;-0,254;11;-0,042;4;0,034;25;6,2;25;-0,137;29;-0,043;25;5,6;32;0,267
OAK;25;-0,127;31;7-9;26;-0,166;9;0,054;31;0,158;25;-0,023;19;7,2;24;-0,116;22;-0,018;28;5,2;28;0,194
PHI;11;0,055;15;9-7;11;0,06;14;0,024;12;-0,031;19;0;12;9;10;0,069;26;-0,032;11;8,8;26;0,193
PIT;19;-0,058;9;8-8;18;-0,06;31;-0,251;3;-0,178;8;0,015;18;7,3;17;-0,056;12;0,007;18;7,6;9;0,102
SEA;8;0,127;12;11-5;9;0,101;5;0,177;21;0,041;20;-0,009;7;10,7;11;0,061;2;0,055;14;8,2;6;0,086
SF;5;0,29;30;13-3;4;0,255;7;0,077;2;-0,203;12;0,01;4;12,1;5;0,269;11;0,008;3;12;17;0,138
TB;14;0,003;25;7-9;12;0,056;23;-0,074;6;-0,105;27;-0,028;21;6,9;13;0,031;14;0,004;13;8,2;8;0,095
TEN;10;0,076;21;9-7;7;0,176;6;0,13;18;0,019;29;-0,035;10;9,1;8;0,142;28;-0,038;8;9,9;25;0,191
WAS;30;-0,269;29;3-13;30;-0,272;30;-0,207;27;0,089;7;0,027;28;4,4;29;-0,254;13;0,004;31;3,7;24;0,19
ARI;13;0,036;17;8-8;16;0,012;19;-0,024;10;-0,066;19;-0,006;14;8;13;0,063;17;0,002;13;9,1;18;0,127
ATL;17;-0,036;15;4-12;17;0,002;21;-0,031;14;-0,001;20;-0,007;21;6,7;19;-0,068;1;0,066;18;7,5;7;0,075
BAL;7;0,185;1;11-5;7;0,157;11;0,043;9;-0,069;2;0,074;10;9,5;6;0,229;29;-0,053;1;12;19;0,129
BUF;4;0,238;13;13-3;1;0,345;5;0,156;12;-0,022;4;0,059;2;12,1;4;0,246;22;-0,016;5;10,9;21;0,14
CAR;21;-0,067;29;5-11;21;-0,1;17;-0,002;24;0,073;16;0,008;24;6,4;24;-0,097;2;0,065;23;6,6;4;0,067
CHI;15;-0,006;18;8-8;15;0,017;25;-0,106;8;-0,075;8;0,026;15;7,9;17;-0,024;9;0,025;15;8,1;1;0,04
CIN;30;-0,247;31;4-11-1;30;-0,237;29;-0,182;27;0,091;9;0,026;30;4,4;30;-0,27;20;-0,013;28;5,1;10;0,1
CLE;18;-0,057;24;11-5;18;-0,008;9;0,054;25;0,074;27;-0,037;16;7,7;15;0,014;30;-0,053;16;7,7;31;0,191
DAL;23;-0,111;6;6-10;22;-0,109;24;-0,085;23;0,06;7;0,033;23;6,5;25;-0,126;24;-0,019;24;6,2;27;0,177
DEN;29;-0,219;23;5-11;28;-0,205;30;-0,2;13;-0,002;24;-0,021;26;5,5;29;-0,239;5;0,039;29;4,9;20;0,135
DET;27;-0,157;21;5-11;29;-0,21;16;0;32;0,177;11;0,019;25;6,2;28;-0,218;4;0,043;30;4,8;24;0,154
GB;3;0,258;9;13-3;4;0,314;1;0,291;17;0,005;25;-0,027;6;11,4;3;0,281;23;-0,018;4;11,2;22;0,143
HOU;24;-0,126;16;4-12;25;-0,157;13;0,027;30;0,143;21;-0,01;27;5,2;23;-0,097;18;-0,001;25;6,1;3;0,067
IND;10;0,142;20;11-5;9;0,135;12;0,027;7;-0,095;10;0,02;8;10;7;0,203;32;-0,066;8;10,2;5;0,068
JAX;31;-0,28;28;1-15;32;-0,327;27;-0,126;31;0,152;18;-0,001;31;4,1;31;-0,285;16;0,004;31;3,7;25;0,171
KC;6;0,196;4;14-2;6;0,195;2;0,239;22;0,049;17;0,005;3;11,9;8;0,194;25;-0,022;7;10,7;2;0,061
LAC;26;-0,147;22;7-9;27;-0,174;15;0,015;20;0,044;32;-0,118;28;5,1;22;-0,096;21;-0,015;22;6,9;16;0,113
LAR;9;0,154;12;10-6;8;0,141;10;0,044;4;-0,17;30;-0,06;9;9,9;10;0,135;10;0,021;9;10,2;14;0,112
LV;19;-0,062;25;8-8;20;-0,1;14;0,018;28;0,096;13;0,015;20;6,9;21;-0,092;13;0,012;20;7;11;0,104
MIA;12;0,046;32;10-6;14;0,036;18;-0,021;11;-0,033;6;0,033;13;8,2;12;0,089;27;-0,037;11;9,8;23;0,152
MIN;20;-0,064;7;7-9;24;-0,13;8;0,063;18;0,034;31;-0,094;19;7,1;20;-0,08;6;0,037;21;7;9;0,085
NE;22;-0,071;3;7-9;19;-0,077;23;-0,073;26;0,079;1;0,081;18;7,3;18;-0,052;12;0,014;19;7,2;29;0,185
NO;1;0,333;2;12-4;2;0,344;7;0,107;2;-0,19;5;0,036;4;11,8;1;0,327;15;0,006;2;11,4;30;0,189
NYG;25;-0,138;27;6-10;23;-0,118;26;-0,118;19;0,037;12;0,017;22;6,5;27;-0,175;14;0,01;27;5,7;13;0,111
NYJ;32;-0,305;26;2-14;31;-0,3;31;-0,205;21;0,047;29;-0,053;32;3,3;32;-0,381;8;0,026;32;2,8;26;0,171
PHI;28;-0,188;11;4-11-1;26;-0,165;28;-0,169;15;0,002;22;-0,016;29;4,9;26;-0,172;7;0,034;26;5,8;8;0,078
PIT;8;0,168;19;12-4;10;0,134;22;-0,047;1;-0,202;14;0,013;7;10,1;5;0,242;31;-0,057;6;10,7;15;0,113
SEA;5;0,201;8;12-4;5;0,22;6;0,137;16;0,004;3;0,068;5;11,4;9;0,189;19;-0,01;10;10,1;6;0,069
SF;11;0,054;5;6-10;11;0,043;20;-0,025;6;-0,099;23;-0,021;11;8,6;16;-0,002;3;0,051;17;7,6;28;0,183
TB;2;0,315;14;11-5;3;0,336;3;0,198;5;-0,146;26;-0,029;1;12,8;2;0,324;11;0,017;3;11,2;32;0,214
TEN;14;0,025;10;11-5;12;0,042;4;0,184;29;0,115;28;-0,044;12;8,4;11;0,091;26;-0,027;12;9,2;17;0,125
WAS;16;-0,023;30;7-9;13;0,036;32;-0,218;3;-0,183;15;0,011;17;7,6;14;0,016;28;-0,038;14;8,2;12;0,107
ARI;10;0,11;13;11-6;16;0,009;15;0,032;6;-0,082;20;-0,004;10;9,8;7;0,151;3;0,027;8;10,6;16;0,136
ATL;30;-0,294;17;7-10;27;-0,195;28;-0,171;30;0,113;22;-0,01;28;4,7;30;-0,294;20;-0,003;28;4,7;21;0,144
BAL;19;-0,027;7;8-9;24;-0,11;17;0,017;28;0,093;1;0,05;21;7,3;19;-0,012;18;0,003;19;8,4;7;0,104
BUF;2;0,276;4;11-6;3;0,261;10;0,097;1;-0,18;19;-0,001;6;11;1;0,342;32;-0,05;1;13,3;32;0,309
CAR;27;-0,242;21;5-12;31;-0,353;31;-0,228;15;-0,002;24;-0,016;32;4,2;27;-0,245;14;0,007;26;5,7;31;0,264
CHI;24;-0,106;15;6-11;22;-0,066;26;-0,136;13;-0,009;7;0,021;26;5;23;-0,118;9;0,014;25;5,8;18;0,14
CIN;17;-0,001;30;10-7;14;0,018;18;0,013;19;0,03;8;0,016;18;8,4;17;0,031;30;-0,029;9;10,6;17;0,137
CLE;13;0,048;18;8-9;17;0,002;14;0,042;11;-0,025;25;-0,019;12;9,6;16;0,039;24;-0,012;20;7,9;24;0,157
DAL;1;0,309;23;12-5;1;0,346;6;0,136;2;-0,152;6;0,021;3;13,3;2;0,34;26;-0,022;3;12,5;13;0,131
DEN;18;-0,014;29;7-10;15;0,017;12;0,055;20;0,03;30;-0,039;20;7,8;18;0,028;29;-0,028;16;8,9;15;0,136
DET;29;-0,272;27;3-13-1;29;-0,276;29;-0,177;29;0,108;10;0,013;29;4,7;29;-0,282;5;0,021;27;4,9;12;0,13
GB;8;0,118;3;13-4;8;0,153;2;0,202;22;0,036;32;-0,049;7;10,8;8;0,14;19;-0,001;10;10,5;22;0,151
HOU;28;-0,243;24;4-13;28;-0,212;30;-0,22;23;0,036;9;0,013;30;4,4;28;-0,256;7;0,016;30;4;26;0,16
IND;11;0,098;10;9-8;10;0,13;13;0,044;8;-0,049;14;0,004;9;9,8;10;0,122;22;-0,006;7;10,7;25;0,158
JAX;32;-0,31;31;3-14;30;-0,308;27;-0,151;31;0,117;31;-0,042;27;4,7;32;-0,335;10;0,012;32;3,3;29;0,194
KC;7;0,173;6;12-5;6;0,241;3;0,181;24;0,045;3;0,037;5;11,4;9;0,136;6;0,016;5;11,4;20;0,143
LAC;12;0,087;26;9-8;11;0,109;4;0,16;26;0,048;28;-0,024;15;9,1;12;0,072;15;0,006;17;8,9;10;0,121
LAR;5;0,216;9;12-5;7;0,211;8;0,106;5;-0,085;4;0,025;1;13,4;5;0,193;16;0,005;6;10,7;5;0,074
LV;21;-0,05;19;10-7;20;-0,023;19;-0,034;17;0,006;21;-0,009;17;8,4;20;-0,03;8;0,014;23;6,8;11;0,125
MIA;25;-0,109;12;9-8;21;-0,056;24;-0,108;10;-0,029;29;-0,029;24;6,6;22;-0,092;27;-0,025;21;7,6;14;0,135
MIN;16;0,026;20;8-9;19;-0,002;16;0,026;16;0,004;13;0,004;16;8,7;14;0,057;11;0,011;18;8,5;1;0,046
NE;4;0,233;22;10-7;2;0,312;9;0,105;4;-0,128;18;0;8;10,1;4;0,241;25;-0,017;2;12,6;30;0,251
NO;14;0,047;1;9-8;18;-0,002;23;-0,106;3;-0,15;16;0,003;14;9,5;13;0,062;23;-0,009;14;9,4;28;0,193
NYG;31;-0,296;25;4-13;32;-0,394;32;-0,281;18;0,028;11;0,013;31;4,2;31;-0,314;2;0,028;29;4,1;23;0,152
NYJ;26;-0,186;32;4-13;25;-0,115;22;-0,083;32;0,144;2;0,041;25;5,7;26;-0,232;13;0,007;31;3,9;19;0,142
PHI;15;0,038;28;9-8;12;0,032;11;0,081;25;0,047;15;0,003;13;9,6;15;0,047;28;-0,027;13;10;8;0,106
PIT;23;-0,102;8;9-7-1;26;-0,125;25;-0,11;14;-0,006;17;0,002;22;7,1;25;-0,135;4;0,022;22;7;9;0,121
SEA;9;0,117;5;7-10;9;0,146;7;0,127;21;0,035;5;0,025;11;9,6;11;0,101;12;0,01;15;9,3;4;0,073
SF;6;0,199;11;10-7;5;0,252;5;0,149;7;-0,074;26;-0,024;4;11,9;6;0,184;21;-0,005;12;10,1;2;0,068
TB;3;0,276;2;13-4;4;0,259;1;0,267;9;-0,033;27;-0,024;2;13,3;3;0,317;31;-0,036;4;12,2;3;0,073
TEN;20;-0,03;14;12-5;13;0,023;20;-0,042;12;-0,023;23;-0,01;19;8;21;-0,04;17;0,004;11;10,3;27;0,187
WAS;22;-0,101;16;7-10;23;-0,092;21;-0,053;27;0,058;12;0,01;23;6,8;24;-0,13;1;0,035;24;5,9;6;0,102